89011201000014062812,InUse
89011200000170975931,InUse
132710003003669460,InUse
132710003003669460,InUse
64975749289649435894,InUse
64975749289658765894,InUse
64975749289649765894,InUse
64975749289649435894,InUse
64975749289658765894,InUse
64975749289649765894,InUse
64975749289649435894,InUse
64975749289658765894,InUse
64975749289649765894,InUse
64975749289649435894,InUse
64975749289658765894,InUse
64975749289649765894,InUse
64975749289658765894
64975749289649765894
64975749289649435894
64975749289658765894
64975749289658765894
64975749289649435894
64975749289658765894
64975749289649765894
64975749289649435894
64975749289658765894
64975749289658765894
64975749289649765894
64975749289649435894
64975749289658765894
64975749289658765894
64975749289649765894
64975749289649435894
64975749289658765894


